{
  "IcoMoonType": "selection",
  "icons": [
    {
      "icon": {
        "paths": [
          "M658.286 475.429q0-105.714-75.143-180.857t-180.857-75.143-180.857 75.143-75.143 180.857 75.143 180.857 180.857 75.143 180.857-75.143 75.143-180.857zM950.857 950.857q0 29.714-21.714 51.429t-51.429 21.714q-30.857 0-51.429-21.714l-196-195.429q-102.286 70.857-228 70.857-81.714 0-156.286-31.714t-128.571-85.714-85.714-128.571-31.714-156.286 31.714-156.286 85.714-128.571 128.571-85.714 156.286-31.714 156.286 31.714 128.571 85.714 85.714 128.571 31.714 156.286q0 125.714-70.857 228l196 196q21.143 21.143 21.143 51.429z"
        ],
        "width": 950.8559875488281,
        "attrs": [],
        "isMulticolor": false,
        "isMulticolor2": false,
        "tags": [
          "search"
        ],
        "defaultCode": 61442,
        "grid": 14
      },
      "attrs": [],
      "properties": {
        "name": "search",
        "id": 2,
        "order": 2,
        "prevSize": 32,
        "code": 61442
      },
      "setIdx": 0,
      "setId": 2,
      "iconIdx": 2
    },
    {
      "icon": {
        "paths": [
          "M585.143 457.143v36.571q0 7.429-5.429 12.857t-12.857 5.429h-128v128q0 7.429-5.429 12.857t-12.857 5.429h-36.571q-7.429 0-12.857-5.429t-5.429-12.857v-128h-128q-7.429 0-12.857-5.429t-5.429-12.857v-36.571q0-7.429 5.429-12.857t12.857-5.429h128v-128q0-7.429 5.429-12.857t12.857-5.429h36.571q7.429 0 12.857 5.429t5.429 12.857v128h128q7.429 0 12.857 5.429t5.429 12.857zM658.286 475.429q0-105.714-75.143-180.857t-180.857-75.143-180.857 75.143-75.143 180.857 75.143 180.857 180.857 75.143 180.857-75.143 75.143-180.857zM950.857 950.857q0 30.286-21.429 51.714t-51.714 21.429q-30.857 0-51.429-21.714l-196-195.429q-102.286 70.857-228 70.857-81.714 0-156.286-31.714t-128.571-85.714-85.714-128.571-31.714-156.286 31.714-156.286 85.714-128.571 128.571-85.714 156.286-31.714 156.286 31.714 128.571 85.714 85.714 128.571 31.714 156.286q0 125.714-70.857 228l196 196q21.143 21.143 21.143 51.429z"
        ],
        "width": 950.8559875488281,
        "attrs": [],
        "isMulticolor": false,
        "isMulticolor2": false,
        "tags": [
          "search-plus"
        ],
        "defaultCode": 61454,
        "grid": 14
      },
      "attrs": [],
      "properties": {
        "name": "search-plus",
        "id": 14,
        "order": 12,
        "prevSize": 32,
        "code": 61454
      },
      "setIdx": 0,
      "setId": 2,
      "iconIdx": 14
    },
    {
      "icon": {
        "paths": [
          "M182.857 438.857h292.571v-109.714q0-60.571-42.857-103.429t-103.429-42.857-103.429 42.857-42.857 103.429v109.714zM658.286 493.714v329.143q0 22.857-16 38.857t-38.857 16h-548.571q-22.857 0-38.857-16t-16-38.857v-329.143q0-22.857 16-38.857t38.857-16h18.286v-109.714q0-105.143 75.429-180.571t180.571-75.429 180.571 75.429 75.429 180.571v109.714h18.286q22.857 0 38.857 16t16 38.857z"
        ],
        "width": 658.2880783081055,
        "attrs": [],
        "isMulticolor": false,
        "isMulticolor2": false,
        "tags": [
          "lock"
        ],
        "defaultCode": 61475,
        "grid": 14
      },
      "attrs": [],
      "properties": {
        "name": "lock",
        "id": 32,
        "order": 5,
        "prevSize": 32,
        "code": 61475
      },
      "setIdx": 0,
      "setId": 2,
      "iconIdx": 32
    },
    {
      "icon": {
        "paths": [
          "M669.143 172l-303.429 303.429 303.429 303.429q10.857 10.857 10.857 25.714t-10.857 25.714l-94.857 94.857q-10.857 10.857-25.714 10.857t-25.714-10.857l-424-424q-10.857-10.857-10.857-25.714t10.857-25.714l424-424q10.857-10.857 25.714-10.857t25.714 10.857l94.857 94.857q10.857 10.857 10.857 25.714t-10.857 25.714z"
        ],
        "width": 768.0010223388672,
        "attrs": [],
        "isMulticolor": false,
        "isMulticolor2": false,
        "tags": [
          "chevron-left"
        ],
        "defaultCode": 61523,
        "grid": 14
      },
      "attrs": [],
      "properties": {
        "name": "chevron-left",
        "id": 78,
        "order": 7,
        "prevSize": 32,
        "code": 61523
      },
      "setIdx": 0,
      "setId": 2,
      "iconIdx": 78
    },
    {
      "icon": {
        "paths": [
          "M632.571 501.143l-424 424q-10.857 10.857-25.714 10.857t-25.714-10.857l-94.857-94.857q-10.857-10.857-10.857-25.714t10.857-25.714l303.429-303.429-303.429-303.429q-10.857-10.857-10.857-25.714t10.857-25.714l94.857-94.857q10.857-10.857 25.714-10.857t25.714 10.857l424 424q10.857 10.857 10.857 25.714t-10.857 25.714z"
        ],
        "width": 694.8569641113281,
        "attrs": [],
        "isMulticolor": false,
        "isMulticolor2": false,
        "tags": [
          "chevron-right"
        ],
        "defaultCode": 61524,
        "grid": 14
      },
      "attrs": [],
      "properties": {
        "name": "chevron-right",
        "id": 79,
        "order": 6,
        "prevSize": 32,
        "code": 61524
      },
      "setIdx": 0,
      "setId": 2,
      "iconIdx": 79
    },
    {
      "icon": {
        "paths": [
          "M438.857 73.143q119.429 0 220.286 58.857t159.714 159.714 58.857 220.286-58.857 220.286-159.714 159.714-220.286 58.857-220.286-58.857-159.714-159.714-58.857-220.286 58.857-220.286 159.714-159.714 220.286-58.857zM512 785.714v-108.571q0-8-5.143-13.429t-12.571-5.429h-109.714q-7.429 0-13.143 5.714t-5.714 13.143v108.571q0 7.429 5.714 13.143t13.143 5.714h109.714q7.429 0 12.571-5.429t5.143-13.429zM510.857 589.143l10.286-354.857q0-6.857-5.714-10.286-5.714-4.571-13.714-4.571h-125.714q-8 0-13.714 4.571-5.714 3.429-5.714 10.286l9.714 354.857q0 5.714 5.714 10t13.714 4.286h105.714q8 0 13.429-4.286t6-10z"
        ],
        "width": 877.7139282226562,
        "attrs": [],
        "isMulticolor": false,
        "isMulticolor2": false,
        "tags": [
          "exclamation-circle"
        ],
        "defaultCode": 61546,
        "grid": 14
      },
      "attrs": [],
      "properties": {
        "name": "exclamation-circle",
        "id": 100,
        "order": 13,
        "prevSize": 32,
        "code": 61546
      },
      "setIdx": 0,
      "setId": 2,
      "iconIdx": 100
    },
    {
      "icon": {
        "paths": [
          "M961.714 760.571l-94.857 94.286q-10.857 10.857-25.714 10.857t-25.714-10.857l-303.429-303.429-303.429 303.429q-10.857 10.857-25.714 10.857t-25.714-10.857l-94.857-94.286q-10.857-10.857-10.857-26t10.857-26l424-423.429q10.857-10.857 25.714-10.857t25.714 10.857l424 423.429q10.857 10.857 10.857 26t-10.857 26z"
        ],
        "width": 1023.9999694824219,
        "attrs": [],
        "isMulticolor": false,
        "isMulticolor2": false,
        "tags": [
          "chevron-up"
        ],
        "defaultCode": 61559,
        "grid": 14
      },
      "attrs": [],
      "properties": {
        "name": "chevron-up",
        "id": 112,
        "order": 11,
        "prevSize": 32,
        "code": 61559
      },
      "setIdx": 0,
      "setId": 2,
      "iconIdx": 112
    },
    {
      "icon": {
        "paths": [
          "M961.714 461.714l-424 423.429q-10.857 10.857-25.714 10.857t-25.714-10.857l-424-423.429q-10.857-10.857-10.857-26t10.857-26l94.857-94.286q10.857-10.857 25.714-10.857t25.714 10.857l303.429 303.429 303.429-303.429q10.857-10.857 25.714-10.857t25.714 10.857l94.857 94.286q10.857 10.857 10.857 26t-10.857 26z"
        ],
        "width": 1023.9999237060547,
        "attrs": [],
        "isMulticolor": false,
        "isMulticolor2": false,
        "tags": [
          "chevron-down"
        ],
        "defaultCode": 61560,
        "grid": 14
      },
      "attrs": [],
      "properties": {
        "name": "chevron-down",
        "id": 113,
        "order": 10,
        "prevSize": 32,
        "code": 61560
      },
      "setIdx": 0,
      "setId": 2,